{"cameraMode":{"drawMode":0,"name":"Shaded","section":"Shading Mode"},"sceneLighting":true,"audioPlay":false,"sceneViewState":{"m_AlwaysRefresh":false,"showFog":true,"showSkybox":true,"showFlares":true,"showImageEffects":true,"showParticleSystems":true,"showVisualEffectGraphs":true,"m_FxEnabled":true},"in2DMode":false,"pivot":{"x":8.924623489379883,"y":34.86323547363281,"z":-56.04723358154297},"rotation":{"x":0.16616730391979218,"y":-0.13216058909893037,"z":0.05102277547121048,"w":0.9789217114448547},"size":12.756430625915528,"orthographic":false}