{"cameraMode":{"drawMode":0,"name":"Shaded","section":"Shading Mode"},"sceneLighting":false,"audioPlay":false,"sceneViewState":{"m_AlwaysRefresh":false,"showFog":true,"showSkybox":false,"showFlares":true,"showImageEffects":true,"showParticleSystems":true,"showVisualEffectGraphs":true,"m_FxEnabled":true},"in2DMode":false,"pivot":{"x":-5.860231876373291,"y":4.4711432456970219,"z":0.057587265968322757},"rotation":{"x":0.04105015844106674,"y":-0.08950447291135788,"z":0.006041395012289286,"w":0.995834469795227},"size":0.9293474555015564,"orthographic":false}